<metadata xml:lang="en"><Esri><CreaDate>20230426</CreaDate><CreaTime>15544800</CreaTime><ArcGISFormat>1.0</ArcGISFormat><SyncOnce>FALSE</SyncOnce><DataProperties><itemProps><itemName Sync="TRUE">ATLMetroBoundary</itemName><imsContentType Sync="TRUE">002</imsContentType><itemLocation><linkage Sync="TRUE">file://\\MARVIN\G$\My Drive\2023 SPRING\LU&amp;E Modeling\Sprawl Forecasting - LUEM Final Assignment\Shapefiles\Metro Boundary\ATLMetroBoundary.shp</linkage><protocol Sync="TRUE">Local Area Network</protocol></itemLocation><itemSize Sync="TRUE">0.000</itemSize></itemProps><coordRef><type Sync="TRUE">Projected</type><geogcsn Sync="TRUE">GCS_NAD_1983_2011</geogcsn><csUnits Sync="TRUE">Linear Unit: Foot_US (0.304801)</csUnits><projcsn Sync="TRUE">NAD_1983_2011_StatePlane_Georgia_West_FIPS_1002_Ft_US</projcsn><peXml Sync="TRUE">&lt;ProjectedCoordinateSystem xsi:type='typens:ProjectedCoordinateSystem' xmlns:xsi='http://www.w3.org/2001/XMLSchema-instance' xmlns:xs='http://www.w3.org/2001/XMLSchema' xmlns:typens='http://www.esri.com/schemas/ArcGIS/3.1.0'&gt;&lt;WKT&gt;PROJCS[&amp;quot;NAD_1983_2011_StatePlane_Georgia_West_FIPS_1002_Ft_US&amp;quot;,GEOGCS[&amp;quot;GCS_NAD_1983_2011&amp;quot;,DATUM[&amp;quot;D_NAD_1983_2011&amp;quot;,SPHEROID[&amp;quot;GRS_1980&amp;quot;,6378137.0,298.257222101]],PRIMEM[&amp;quot;Greenwich&amp;quot;,0.0],UNIT[&amp;quot;Degree&amp;quot;,0.0174532925199433]],PROJECTION[&amp;quot;Transverse_Mercator&amp;quot;],PARAMETER[&amp;quot;False_Easting&amp;quot;,2296583.333],PARAMETER[&amp;quot;False_Northing&amp;quot;,0.0],PARAMETER[&amp;quot;Central_Meridian&amp;quot;,-84.1666666666667],PARAMETER[&amp;quot;Scale_Factor&amp;quot;,0.9999],PARAMETER[&amp;quot;Latitude_Of_Origin&amp;quot;,30.0],UNIT[&amp;quot;Foot_US&amp;quot;,0.3048006096012192]]&lt;/WKT&gt;&lt;XOrigin&gt;-16150100&lt;/XOrigin&gt;&lt;YOrigin&gt;-43703500&lt;/YOrigin&gt;&lt;XYScale&gt;137255279.03396165&lt;/XYScale&gt;&lt;ZOrigin&gt;-100000&lt;/ZOrigin&gt;&lt;ZScale&gt;10000&lt;/ZScale&gt;&lt;MOrigin&gt;-100000&lt;/MOrigin&gt;&lt;MScale&gt;10000&lt;/MScale&gt;&lt;XYTolerance&gt;0.0032808333333333331&lt;/XYTolerance&gt;&lt;ZTolerance&gt;0.001&lt;/ZTolerance&gt;&lt;MTolerance&gt;0.001&lt;/MTolerance&gt;&lt;HighPrecision&gt;true&lt;/HighPrecision&gt;&lt;/ProjectedCoordinateSystem&gt;</peXml></coordRef><lineage><Process ToolSource="c:\program files\arcgis\pro\Resources\ArcToolbox\toolboxes\Conversion Tools.tbx\ExportFeatures" Date="20230426" Time="155452">ExportFeatures "21 County Metro" "G:\My Drive\2023 SPRING\Water Policy\Atlanta Water\GIS\Atlanta_ALOedit_0228\Default.gdb\Counties21Metro" # NOT_USE_ALIAS "OBJECTID "OBJECTID" true true false 3 Short 0 3,First,#,21 County Metro,OBJECTID,-1,-1;NAME "NAME" true true false 10 Text 0 0,First,#,21 County Metro,NAME,0,10;GEOTYPE "GEOTYPE" true true false 6 Text 0 0,First,#,21 County Metro,GEOTYPE,0,6;FULLFIPS "FULLFIPS" true true false 5 Text 0 0,First,#,21 County Metro,FULLFIPS,0,5;ACRES "ACRES" true true false 1 Text 0 0,First,#,21 County Metro,ACRES,0,1;SQMILES "SQMILES" true true false 1 Text 0 0,First,#,21 County Metro,SQMILES,0,1;OLDNAME "OLDNAME" true true false 1 Text 0 0,First,#,21 County Metro,OLDNAME,0,1;NPU "NPU" true true false 1 Text 0 0,First,#,21 County Metro,NPU,0,1;CREATED_US "CREATED_US" true true false 11 Text 0 0,First,#,21 County Metro,CREATED_US,0,11;CREATED_DA "CREATED_DA" true true false 8 Date 0 0,First,#,21 County Metro,CREATED_DA,-1,-1;LAST_EDITE "LAST_EDITE" true true false 11 Text 0 0,First,#,21 County Metro,LAST_EDITE,0,11;LAST_EDI_1 "LAST_EDI_1" true true false 8 Date 0 0,First,#,21 County Metro,LAST_EDI_1,-1,-1;GLOBALID "GLOBALID" true true false 36 Text 0 0,First,#,21 County Metro,GLOBALID,0,36;Shape__Are "Shape__Are" true true false 24 Double 15 23,First,#,21 County Metro,Shape__Are,-1,-1;Shape__Len "Shape__Len" true true false 24 Double 15 23,First,#,21 County Metro,Shape__Len,-1,-1" #</Process><Process ToolSource="c:\program files\arcgis\pro\Resources\ArcToolbox\toolboxes\Data Management Tools.tbx\Dissolve" Date="20230426" Time="155606">Dissolve Counties21Metro "G:\My Drive\2023 SPRING\Water Policy\Atlanta Water\GIS\Atlanta_ALOedit_0228\Default.gdb\Counties21Metro_Boundary" # "Shape_Area SUM" MULTI_PART DISSOLVE_LINES #</Process><Process ToolSource="c:\program files\arcgis\pro\Resources\ArcToolbox\toolboxes\Data Management Tools.tbx\UpdateSchema" Date="20230426" Time="155947">UpdateSchema "CIMDATA=&lt;CIMStandardDataConnection xsi:type='typens:CIMStandardDataConnection' xmlns:xsi='http://www.w3.org/2001/XMLSchema-instance' xmlns:xs='http://www.w3.org/2001/XMLSchema' xmlns:typens='http://www.esri.com/schemas/ArcGIS/3.1.0'&gt;&lt;WorkspaceConnectionString&gt;DATABASE=G:\My Drive\2023 SPRING\Water Policy\Atlanta Water\GIS\Atlanta_ALOedit_0228\Default.gdb&lt;/WorkspaceConnectionString&gt;&lt;WorkspaceFactory&gt;FileGDB&lt;/WorkspaceFactory&gt;&lt;Dataset&gt;Counties21Metro_Boundary&lt;/Dataset&gt;&lt;DatasetType&gt;esriDTFeatureClass&lt;/DatasetType&gt;&lt;/CIMStandardDataConnection&gt;" &lt;operationSequence&gt;&lt;workflow&gt;&lt;AddField&gt;&lt;field_name&gt;Area&lt;/field_name&gt;&lt;field_type&gt;DOUBLE&lt;/field_type&gt;&lt;field_is_nullable&gt;True&lt;/field_is_nullable&gt;&lt;field_is_required&gt;False&lt;/field_is_required&gt;&lt;/AddField&gt;&lt;/workflow&gt;&lt;/operationSequence&gt;</Process><Process ToolSource="c:\program files\arcgis\pro\Resources\ArcToolbox\toolboxes\Data Management Tools.tbx\CalculateGeometryAttributes" Date="20230426" Time="160139">CalculateGeometryAttributes Counties21Metro_Boundary "Area AREA_GEODESIC" # "Square US Survey Miles" PROJCS["NAD_1983_2011_StatePlane_Georgia_West_FIPS_1002_Ft_US",GEOGCS["GCS_NAD_1983_2011",DATUM["D_NAD_1983_2011",SPHEROID["GRS_1980",6378137.0,298.257222101]],PRIMEM["Greenwich",0.0],UNIT["Degree",0.0174532925199433]],PROJECTION["Transverse_Mercator"],PARAMETER["False_Easting",2296583.333],PARAMETER["False_Northing",0.0],PARAMETER["Central_Meridian",-84.1666666666667],PARAMETER["Scale_Factor",0.9999],PARAMETER["Latitude_Of_Origin",30.0],UNIT["US survey foot",0.3048006096012192]] "Same as input"</Process><Process ToolSource="c:\program files\arcgis\pro\Resources\ArcToolbox\toolboxes\Conversion Tools.tbx\ExportFeatures" Date="20230426" Time="161430">ExportFeatures BASE\Boundaries\Counties21Metro_Boundary "G:\My Drive\2023 SPRING\LU&amp;E Modeling\Sprawl Forecasting - LUEM Final Assignment\Shapefiles\Metro Boundary\ATLMetroBoundary.shp" # NOT_USE_ALIAS "SUM_Shape_Area "SUM_Shape_Area" true true false 8 Double 0 0,First,#,BASE\Boundaries\Counties21Metro_Boundary,SUM_Shape_Area,-1,-1;Shape_Length "Shape_Length" false true true 8 Double 0 0,First,#,BASE\Boundaries\Counties21Metro_Boundary,Shape_Length,-1,-1;Shape_Area "Shape_Area" false true true 8 Double 0 0,First,#,BASE\Boundaries\Counties21Metro_Boundary,Shape_Area,-1,-1;Area "Area" true true false 8 Double 0 0,First,#,BASE\Boundaries\Counties21Metro_Boundary,Area,-1,-1" #</Process></lineage></DataProperties><SyncDate>20230426</SyncDate><SyncTime>16143000</SyncTime><ModDate>20230426</ModDate><ModTime>16143000</ModTime></Esri><dataIdInfo><envirDesc Sync="TRUE">Microsoft Windows 10 Version 10.0 (Build 22621) ; Esri ArcGIS 13.1.0.41833</envirDesc><dataLang><languageCode value="eng" Sync="TRUE"></languageCode><countryCode value="USA" Sync="TRUE"></countryCode></dataLang><idCitation><resTitle Sync="TRUE">ATLMetroBoundary</resTitle><presForm><PresFormCd value="005" Sync="TRUE"></PresFormCd></presForm></idCitation><spatRpType><SpatRepTypCd value="001" Sync="TRUE"></SpatRepTypCd></spatRpType></dataIdInfo><mdLang><languageCode value="eng" Sync="TRUE"></languageCode><countryCode value="USA" Sync="TRUE"></countryCode></mdLang><distInfo><distFormat><formatName Sync="TRUE">Shapefile</formatName></distFormat><distTranOps><transSize Sync="TRUE">0.000</transSize></distTranOps></distInfo><mdHrLv><ScopeCd value="005" Sync="TRUE"></ScopeCd></mdHrLv><mdHrLvName Sync="TRUE">dataset</mdHrLvName><refSysInfo><RefSystem><refSysID><identCode code="0" Sync="TRUE"></identCode><idCodeSpace Sync="TRUE">EPSG</idCodeSpace><idVersion Sync="TRUE">6.18.3(9.3.1.2)</idVersion></refSysID></RefSystem></refSysInfo><spatRepInfo><VectSpatRep><geometObjs Name="ATLMetroBoundary"><geoObjTyp><GeoObjTypCd value="002" Sync="TRUE"></GeoObjTypCd></geoObjTyp><geoObjCnt Sync="TRUE">0</geoObjCnt></geometObjs><topLvl><TopoLevCd value="001" Sync="TRUE"></TopoLevCd></topLvl></VectSpatRep></spatRepInfo><spdoinfo><ptvctinf><esriterm Name="ATLMetroBoundary"><efeatyp Sync="TRUE">Simple</efeatyp><efeageom code="4" Sync="TRUE"></efeageom><esritopo Sync="TRUE">FALSE</esritopo><efeacnt Sync="TRUE">0</efeacnt><spindex Sync="TRUE">FALSE</spindex><linrefer Sync="TRUE">FALSE</linrefer></esriterm></ptvctinf></spdoinfo><eainfo><detailed Name="ATLMetroBoundary"><enttyp><enttypl Sync="TRUE">ATLMetroBoundary</enttypl><enttypt Sync="TRUE">Feature Class</enttypt><enttypc Sync="TRUE">0</enttypc></enttyp><attr><attrlabl Sync="TRUE">FID</attrlabl><attalias Sync="TRUE">FID</attalias><attrtype Sync="TRUE">OID</attrtype><attwidth Sync="TRUE">4</attwidth><atprecis Sync="TRUE">0</atprecis><attscale Sync="TRUE">0</attscale><attrdef Sync="TRUE">Internal feature number.</attrdef><attrdefs Sync="TRUE">Esri</attrdefs><attrdomv><udom Sync="TRUE">Sequential unique whole numbers that are automatically generated.</udom></attrdomv></attr><attr><attrlabl Sync="TRUE">Shape</attrlabl><attalias Sync="TRUE">Shape</attalias><attrtype Sync="TRUE">Geometry</attrtype><attwidth Sync="TRUE">0</attwidth><atprecis Sync="TRUE">0</atprecis><attscale Sync="TRUE">0</attscale><attrdef Sync="TRUE">Feature geometry.</attrdef><attrdefs Sync="TRUE">Esri</attrdefs><attrdomv><udom Sync="TRUE">Coordinates defining the features.</udom></attrdomv></attr><attr><attrlabl Sync="TRUE">SUM_Shape_</attrlabl><attalias Sync="TRUE">SUM_Shape_</attalias><attrtype Sync="TRUE">Double</attrtype><attwidth Sync="TRUE">19</attwidth><atprecis Sync="TRUE">0</atprecis><attscale Sync="TRUE">0</attscale></attr><attr><attrlabl Sync="TRUE">Shape_Leng</attrlabl><attalias Sync="TRUE">Shape_Leng</attalias><attrtype Sync="TRUE">Double</attrtype><attwidth Sync="TRUE">19</attwidth><atprecis Sync="TRUE">0</atprecis><attscale Sync="TRUE">0</attscale></attr><attr><attrlabl Sync="TRUE">Shape_Area</attrlabl><attalias Sync="TRUE">Shape_Area</attalias><attrtype Sync="TRUE">Double</attrtype><attwidth Sync="TRUE">19</attwidth><atprecis Sync="TRUE">0</atprecis><attscale Sync="TRUE">0</attscale><attrdef Sync="TRUE">Area of feature in internal units squared.</attrdef><attrdefs Sync="TRUE">Esri</attrdefs><attrdomv><udom Sync="TRUE">Positive real numbers that are automatically generated.</udom></attrdomv></attr><attr><attrlabl Sync="TRUE">Area</attrlabl><attalias Sync="TRUE">Area</attalias><attrtype Sync="TRUE">Double</attrtype><attwidth Sync="TRUE">19</attwidth><atprecis Sync="TRUE">0</atprecis><attscale Sync="TRUE">0</attscale></attr></detailed></eainfo><mdDateSt Sync="TRUE">20230426</mdDateSt></metadata>
